Name,Year,Month,value
Lai Châu,2019,1,131.5
Sơn La,2019,1,103.3
Tuyên Quang,2019,1,25.4
Hà Nội,2019,1,28.5
Bãi Cháy,2019,1,32.0
Nam Định,2019,1,29.3
Vinh,2019,1,49.1
Huế,2019,1,81.0
Đà Nẵng,2019,1,103.4
Qui Nhơn,2019,1,172.8
Pleiku,2019,1,260.5
Đà Lạt,2019,1,224.7
Nha Trang,2019,1,170.2
Vũng Tàu,2019,1,238.5
Cà Mau,2019,1,180.3
Lai Châu,2018,1,127.5
Sơn La,2018,1,129.6
Tuyên Quang,2018,1,41.7
Hà Nội,2018,1,24.9
Bãi Cháy,2018,1,46.3
Nam Định,2018,1,26.2
Vinh,2018,1,36.3
Huế,2018,1,42.3
Đà Nẵng,2018,1,56.3
Qui Nhơn,2018,1,89.8
Pleiku,2018,1,228.5
Đà Lạt,2018,1,189.7
Nha Trang,2018,1,109.4
Vũng Tàu,2018,1,176.2
Cà Mau,2018,1,128.1
Lai Châu,2017,1,122.0
Sơn La,2017,1,102.3
Tuyên Quang,2017,1,67.4
Hà Nội,2017,1,49.7
Bãi Cháy,2017,1,93.9
Nam Định,2017,1,49.3
Vinh,2017,1,30.6
Huế,2017,1,80.5
Đà Nẵng,2017,1,102.5
Qui Nhơn,2017,1,115.4
Pleiku,2017,1,252.3
Đà Lạt,2017,1,151.6
Nha Trang,2017,1,95.5
Vũng Tàu,2017,1,183.4
Cà Mau,2017,1,156.1
Lai Châu,2016,1,176.1
Sơn La,2016,1,148.2
Tuyên Quang,2016,1,47.3
Hà Nội,2016,1,39.6
Bãi Cháy,2016,1,51.6
Nam Định,2016,1,34.4
Vinh,2016,1,37.9
Huế,2016,1,48.9
Đà Nẵng,2016,1,118.8
Qui Nhơn,2016,1,179.2
Pleiku,2016,1,263.2
Đà Lạt,2016,1,250.4
Nha Trang,2016,1,192.1
Vũng Tàu,2016,1,272.8
Cà Mau,2016,1,248.8
Lai Châu,2015,1,192.5
Sơn La,2015,1,181.0
Tuyên Quang,2015,1,100.0
Hà Nội,2015,1,98.9
Bãi Cháy,2015,1,132.2
Nam Định,2015,1,114.5
Vinh,2015,1,98.5
Huế,2015,1,120.1
Đà Nẵng,2015,1,151.5
Qui Nhơn,2015,1,190.8
Pleiku,2015,1,293.8
Đà Lạt,2015,1,260.6
Nha Trang,2015,1,209.6
Vũng Tàu,2015,1,217.5
Cà Mau,2015,1,192.0
Lai Châu,2014,1,191.8
Sơn La,2014,1,188.4
Tuyên Quang,2014,1,127.8
Hà Nội,2014,1,119.2
Bãi Cháy,2014,1,147.2
Nam Định,2014,1,116.6
Vinh,2014,1,125.2
Huế,2014,1,108.2
Đà Nẵng,2014,1,104.3
Qui Nhơn,2014,1,179.9
Pleiku,2014,1,277.9
Đà Lạt,2014,1,237.6
Nha Trang,2014,1,168.2
Vũng Tàu,2014,1,207.2
Cà Mau,2014,1,175.0
Lai Châu,2013,1,117.8
Sơn La,2013,1,93.9
Tuyên Quang,2013,1,8.2
Hà Nội,2013,1,12.2
Bãi Cháy,2013,1,27.3
Nam Định,2013,1,13.4
Vinh,2013,1,21.0
Huế,2013,1,89.4
Đà Nẵng,2013,1,126.1
Qui Nhơn,2013,1,158.4
Pleiku,2013,1,270.3
Đà Lạt,2013,1,224.8
Nha Trang,2013,1,183.7
Vũng Tàu,2013,1,201.7
Cà Mau,2013,1,150.5
Lai Châu,2012,1,115.6
Sơn La,2012,1,90.2
Tuyên Quang,2012,1,15.3
Hà Nội,2012,1,4.8
Bãi Cháy,2012,1,11.5
Nam Định,2012,1,3.4
Vinh,2012,1,0.1
Huế,2012,1,31.0
Đà Nẵng,2012,1,63.9
Qui Nhơn,2012,1,119.9
Pleiku,2012,1,235.8
Đà Lạt,2012,1,156.0
Nha Trang,2012,1,114.9
Vũng Tàu,2012,1,205.8
Cà Mau,2012,1,135.7
Lai Châu,2011,1,47.7
Sơn La,2011,1,31.1
Tuyên Quang,2011,1,1.3
Hà Nội,2011,1,4.0
Bãi Cháy,2011,1,13.3
Nam Định,2011,1,7.4
Vinh,2011,1,0.7
Huế,2011,1,14.0
Đà Nẵng,2011,1,39.8
Qui Nhơn,2011,1,58.0
Pleiku,2011,1,231.4
Đà Lạt,2011,1,162.5
Nha Trang,2011,1,80.4
Vũng Tàu,2011,1,158.2
Cà Mau,2011,1,137.3
Lai Châu,2010,1,151.1
Sơn La,2010,1,159.1
Tuyên Quang,2010,1,89.1
Hà Nội,2010,1,34.2
Bãi Cháy,2010,1,39.2
Nam Định,2010,1,33.6
Vinh,2010,1,33.0
Huế,2010,1,85.2
Đà Nẵng,2010,1,39.1
Qui Nhơn,2010,1,186.3
Pleiku,2010,1,275.1
Đà Lạt,2010,1,216.5
Nha Trang,2010,1,212.6
Vũng Tàu,2010,1,203.2
Cà Mau,2010,1,170.2
Lai Châu,2009,1,132.3
Sơn La,2009,1,161.4
Tuyên Quang,2009,1,89.1
Hà Nội,2009,1,104.7
Bãi Cháy,2009,1,141.7
Nam Định,2009,1,101.3
Vinh,2009,1,74.6
Huế,2009,1,66.5
Đà Nẵng,2009,1,116.8
Qui Nhơn,2009,1,154.4
Pleiku,2009,1,275.1
Đà Lạt,2009,1,216.5
Nha Trang,2009,1,176.3
Vũng Tàu,2009,1,203.2
Cà Mau,2009,1,170.2
Lai Châu,2008,1,139.0
Sơn La,2008,1,167.0
Tuyên Quang,2008,1,65.0
Hà Nội,2008,1,63.0
Bãi Cháy,2008,1,69.0
Nam Định,2008,1,70.0
Vinh,2008,1,57.0
Huế,2008,1,68.0
Đà Nẵng,2008,1,110.0
Qui Nhơn,2008,1,148.0
Pleiku,2008,1,249.0
Đà Lạt,2008,1,184.0
Nha Trang,2008,1,157.0
Vũng Tàu,2008,1,209.0
Cà Mau,2008,1,157.0
Lai Châu,2007,1,130.0
Sơn La,2007,1,141.0
Tuyên Quang,2007,1,60.0
Hà Nội,2007,1,69.0
Bãi Cháy,2007,1,71.0
Nam Định,2007,1,63.0
Vinh,2007,1,44.0
Huế,2007,1,33.0
Đà Nẵng,2007,1,46.0
Qui Nhơn,2007,1,95.0
Pleiku,2007,1,245.0
Đà Lạt,2007,1,170.0
Nha Trang,2007,1,123.0
Vũng Tàu,2007,1,182.0
Cà Mau,2007,1,149.0
Lai Châu,2006,1,158.0
Sơn La,2006,1,174.0
Tuyên Quang,2006,1,70.0
Hà Nội,2006,1,74.0
Bãi Cháy,2006,1,72.0
Nam Định,2006,1,65.0
Vinh,2006,1,66.0
Huế,2006,1,89.0
Đà Nẵng,2006,1,94.0
Qui Nhơn,2006,1,91.0
Pleiku,2006,1,201.0
Đà Lạt,2006,1,213.0
Nha Trang,2006,1,137.0
Vũng Tàu,2006,1,198.0
Cà Mau,2006,1,181.0
Lai Châu,2019,2,246.6
Sơn La,2019,2,229.3
Tuyên Quang,2019,2,88.6
Hà Nội,2019,2,78.6
Bãi Cháy,2019,2,65.2
Nam Định,2019,2,86.8
Vinh,2019,2,119.9
Huế,2019,2,203.9
Đà Nẵng,2019,2,224.0
Qui Nhơn,2019,2,255.7
Pleiku,2019,2,270.6
Đà Lạt,2019,2,239.2
Nha Trang,2019,2,241.2
Vũng Tàu,2019,2,259.4
Cà Mau,2019,2,223.1
Lai Châu,2018,2,153.0
Sơn La,2018,2,127.1
Tuyên Quang,2018,2,45.8
Hà Nội,2018,2,24.9
Bãi Cháy,2018,2,42.4
Nam Định,2018,2,42.9
Vinh,2018,2,41.3
Huế,2018,2,88.2
Đà Nẵng,2018,2,138.3
Qui Nhơn,2018,2,183.0
Pleiku,2018,2,277.0
Đà Lạt,2018,2,236.7
Nha Trang,2018,2,208.9
Vũng Tàu,2018,2,240.7
Cà Mau,2018,2,196.6
Lai Châu,2017,2,150.5
Sơn La,2017,2,156.2
Tuyên Quang,2017,2,73.6
Hà Nội,2017,2,72.9
Bãi Cháy,2017,2,105.0
Nam Định,2017,2,70.2
Vinh,2017,2,76.9
Huế,2017,2,101.0
Đà Nẵng,2017,2,104.1
Qui Nhơn,2017,2,141.8
Pleiku,2017,2,236.7
Đà Lạt,2017,2,206.4
Nha Trang,2017,2,154.9
Vũng Tàu,2017,2,211.8
Cà Mau,2017,2,188.0
Lai Châu,2016,2,130.0
Sơn La,2016,2,120.2
Tuyên Quang,2016,2,103.6
Hà Nội,2016,2,91.7
Bãi Cháy,2016,2,92.6
Nam Định,2016,2,100.0
Vinh,2016,2,101.6
Huế,2016,2,66.5
Đà Nẵng,2016,2,111.2
Qui Nhơn,2016,2,148.4
Pleiku,2016,2,285.5
Đà Lạt,2016,2,248.6
Nha Trang,2016,2,167.5
Vũng Tàu,2016,2,254.0
Cà Mau,2016,2,210.5
Lai Châu,2015,2,170.8
Sơn La,2015,2,150.1
Tuyên Quang,2015,2,74.9
Hà Nội,2015,2,43.8
Bãi Cháy,2015,2,42.1
Nam Định,2015,2,15.7
Vinh,2015,2,52.6
Huế,2015,2,135.3
Đà Nẵng,2015,2,162.4
Qui Nhơn,2015,2,209.3
Pleiku,2015,2,264.1
Đà Lạt,2015,2,240.0
Nha Trang,2015,2,227.5
Vũng Tàu,2015,2,255.2
Cà Mau,2015,2,237.0
Lai Châu,2014,2,195.1
Sơn La,2014,2,183.1
Tuyên Quang,2014,2,42.2
Hà Nội,2014,2,31.9
Bãi Cháy,2014,2,28.7
Nam Định,2014,2,28.6
Vinh,2014,2,12.5
Huế,2014,2,135.0
Đà Nẵng,2014,2,170.3
Qui Nhơn,2014,2,203.3
Pleiku,2014,2,271.9
Đà Lạt,2014,2,251.1
Nha Trang,2014,2,249.1
Vũng Tàu,2014,2,257.1
Cà Mau,2014,2,239.4
Lai Châu,2013,2,191.8
Sơn La,2013,2,155.2
Tuyên Quang,2013,2,60.2
Hà Nội,2013,2,38.9
Bãi Cháy,2013,2,30.0
Nam Định,2013,2,42.0
Vinh,2013,2,44.0
Huế,2013,2,143.4
Đà Nẵng,2013,2,156.5
Qui Nhơn,2013,2,193.5
Pleiku,2013,2,257.9
Đà Lạt,2013,2,235.1
Nha Trang,2013,2,200.4
Vũng Tàu,2013,2,232.7
Cà Mau,2013,2,181.1
Lai Châu,2012,2,174.7
Sơn La,2012,2,145.3
Tuyên Quang,2012,2,16.0
Hà Nội,2012,2,18.5
Bãi Cháy,2012,2,16.0
Nam Định,2012,2,10.7
Vinh,2012,2,26.9
Huế,2012,2,62.7
Đà Nẵng,2012,2,127.0
Qui Nhơn,2012,2,183.7
Pleiku,2012,2,257.9
Đà Lạt,2012,2,193.5
Nha Trang,2012,2,216.2
Vũng Tàu,2012,2,249.5
Cà Mau,2012,2,213.2
Lai Châu,2011,2,177.6
Sơn La,2011,2,148.9
Tuyên Quang,2011,2,35.6
Hà Nội,2011,2,37.9
Bãi Cháy,2011,2,55.8
Nam Định,2011,2,39.0
Vinh,2011,2,37.7
Huế,2011,2,101.6
Đà Nẵng,2011,2,161.9
Qui Nhơn,2011,2,202.1
Pleiku,2011,2,260.8
Đà Lạt,2011,2,218.3
Nha Trang,2011,2,214.7
Vũng Tàu,2011,2,244.7
Cà Mau,2011,2,186.1
Lai Châu,2010,2,208.9
Sơn La,2010,2,213.6
Tuyên Quang,2010,2,77.1
Hà Nội,2010,2,94.2
Bãi Cháy,2010,2,57.0
Nam Định,2010,2,86.1
Vinh,2010,2,82.0
Huế,2010,2,147.1
Đà Nẵng,2010,2,87.4
Qui Nhơn,2010,2,239.8
Pleiku,2010,2,240.8
Đà Lạt,2010,2,194.6
Nha Trang,2010,2,256.9
Vũng Tàu,2010,2,208.8
Cà Mau,2010,2,170.0
Lai Châu,2009,2,204.9
Sơn La,2009,2,210.9
Tuyên Quang,2009,2,77.1
Hà Nội,2009,2,74.9
Bãi Cháy,2009,2,90.9
Nam Định,2009,2,73.5
Vinh,2009,2,99.3
Huế,2009,2,166.4
Đà Nẵng,2009,2,178.0
Qui Nhơn,2009,2,201.5
Pleiku,2009,2,240.8
Đà Lạt,2009,2,194.6
Nha Trang,2009,2,209.2
Vũng Tàu,2009,2,208.8
Cà Mau,2009,2,170.0
Lai Châu,2008,2,47.0
Sơn La,2008,2,35.0
Tuyên Quang,2008,2,27.0
Hà Nội,2008,2,26.0
Bãi Cháy,2008,2,29.0
Nam Định,2008,2,30.0
Vinh,2008,2,25.0
Huế,2008,2,1.0
Đà Nẵng,2008,2,24.0
Qui Nhơn,2008,2,90.0
Pleiku,2008,2,241.0
Đà Lạt,2008,2,192.0
Nha Trang,2008,2,143.0
Vũng Tàu,2008,2,211.0
Cà Mau,2008,2,169.0
Lai Châu,2007,2,189.0
Sơn La,2007,2,220.0
Tuyên Quang,2007,2,84.0
Hà Nội,2007,2,75.0
Bãi Cháy,2007,2,63.0
Nam Định,2007,2,54.0
Vinh,2007,2,98.0
Huế,2007,2,185.0
Đà Nẵng,2007,2,182.0
Qui Nhơn,2007,2,224.0
Pleiku,2007,2,268.0
Đà Lạt,2007,2,251.0
Nha Trang,2007,2,240.0
Vũng Tàu,2007,2,267.0
Cà Mau,2007,2,250.0
Lai Châu,2006,2,157.0
Sơn La,2006,2,112.0
Tuyên Quang,2006,2,20.0
Hà Nội,2006,2,32.0
Bãi Cháy,2006,2,47.0
Nam Định,2006,2,20.0
Vinh,2006,2,29.0
Huế,2006,2,81.0
Đà Nẵng,2006,2,115.0
Qui Nhơn,2006,2,161.0
Pleiku,2006,2,253.0
Đà Lạt,2006,2,219.0
Nha Trang,2006,2,190.0
Vũng Tàu,2006,2,247.0
Cà Mau,2006,2,227.0
Lai Châu,2019,3,190.4
Sơn La,2019,3,200.0
Tuyên Quang,2019,3,72.0
Hà Nội,2019,3,44.6
Bãi Cháy,2019,3,31.0
Nam Định,2019,3,44.1
Vinh,2019,3,81.4
Huế,2019,3,157.6
Đà Nẵng,2019,3,191.0
Qui Nhơn,2019,3,275.1
Pleiku,2019,3,258.8
Đà Lạt,2019,3,219.1
Nha Trang,2019,3,273.4
Vũng Tàu,2019,3,298.1
Cà Mau,2019,3,257.1
Lai Châu,2018,3,176.5
Sơn La,2018,3,178.3
Tuyên Quang,2018,3,96.8
Hà Nội,2018,3,83.2
Bãi Cháy,2018,3,97.7
Nam Định,2018,3,93.4
Vinh,2018,3,102.0
Huế,2018,3,156.0
Đà Nẵng,2018,3,162.8
Qui Nhơn,2018,3,251.9
Pleiku,2018,3,253.2
Đà Lạt,2018,3,229.4
Nha Trang,2018,3,255.0
Vũng Tàu,2018,3,281.5
Cà Mau,2018,3,245.7
Lai Châu,2017,3,184.2
Sơn La,2017,3,200.1
Tuyên Quang,2017,3,61.3
Hà Nội,2017,3,45.6
Bãi Cháy,2017,3,25.8
Nam Định,2017,3,26.5
Vinh,2017,3,51.8
Huế,2017,3,145.1
Đà Nẵng,2017,3,181.4
Qui Nhơn,2017,3,243.6
Pleiku,2017,3,262.1
Đà Lạt,2017,3,225.5
Nha Trang,2017,3,260.0
Vũng Tàu,2017,3,286.4
Cà Mau,2017,3,238.5
Lai Châu,2016,3,181.8
Sơn La,2016,3,193.3
Tuyên Quang,2016,3,42.4
Hà Nội,2016,3,22.7
Bãi Cháy,2016,3,24.3
Nam Định,2016,3,18.0
Vinh,2016,3,34.7
Huế,2016,3,121.2
Đà Nẵng,2016,3,158.1
Qui Nhơn,2016,3,221.8
Pleiku,2016,3,276.5
Đà Lạt,2016,3,246.2
Nha Trang,2016,3,251.0
Vũng Tàu,2016,3,296.0
Cà Mau,2016,3,278.8
Lai Châu,2015,3,197.4
Sơn La,2015,3,188.1
Tuyên Quang,2015,3,46.8
Hà Nội,2015,3,32.4
Bãi Cháy,2015,3,16.3
Nam Định,2015,3,28.5
Vinh,2015,3,52.8
Huế,2015,3,167.7
Đà Nẵng,2015,3,192.4
Qui Nhơn,2015,3,274.0
Pleiku,2015,3,284.6
Đà Lạt,2015,3,254.5
Nha Trang,2015,3,278.4
Vũng Tàu,2015,3,300.2
Cà Mau,2015,3,268.8
Lai Châu,2014,3,197.9
Sơn La,2014,3,183.2
Tuyên Quang,2014,3,20.4
Hà Nội,2014,3,14.9
Bãi Cháy,2014,3,12.8
Nam Định,2014,3,13.6
Vinh,2014,3,41.5
Huế,2014,3,109.1
Đà Nẵng,2014,3,181.1
Qui Nhơn,2014,3,269.2
Pleiku,2014,3,291.0
Đà Lạt,2014,3,255.8
Nha Trang,2014,3,273.9
Vũng Tàu,2014,3,296.7
Cà Mau,2014,3,283.0
Lai Châu,2013,3,237.4
Sơn La,2013,3,229.2
Tuyên Quang,2013,3,123.0
Hà Nội,2013,3,75.4
Bãi Cháy,2013,3,65.4
Nam Định,2013,3,45.7
Vinh,2013,3,106.9
Huế,2013,3,159.1
Đà Nẵng,2013,3,173.0
Qui Nhơn,2013,3,269.6
Pleiku,2013,3,254.3
Đà Lạt,2013,3,215.7
Nha Trang,2013,3,276.4
Vũng Tàu,2013,3,288.4
Cà Mau,2013,3,273.1
Lai Châu,2012,3,153.0
Sơn La,2012,3,159.9
Tuyên Quang,2012,3,57.4
Hà Nội,2012,3,24.3
Bãi Cháy,2012,3,12.7
Nam Định,2012,3,12.5
Vinh,2012,3,61.2
Huế,2012,3,111.3
Đà Nẵng,2012,3,177.7
Qui Nhơn,2012,3,222.1
Pleiku,2012,3,235.4
Đà Lạt,2012,3,206.2
Nha Trang,2012,3,228.1
Vũng Tàu,2012,3,256.6
Cà Mau,2012,3,224.4
Lai Châu,2011,3,99.5
Sơn La,2011,3,80.5
Tuyên Quang,2011,3,28.0
Hà Nội,2011,3,15.0
Bãi Cháy,2011,3,22.7
Nam Định,2011,3,15.8
Vinh,2011,3,25.1
Huế,2011,3,73.4
Đà Nẵng,2011,3,113.0
Qui Nhơn,2011,3,108.1
Pleiku,2011,3,201.6
Đà Lạt,2011,3,142.4
Nha Trang,2011,3,112.9
Vũng Tàu,2011,3,202.8
Cà Mau,2011,3,192.2
Lai Châu,2010,3,151.4
Sơn La,2010,3,179.3
Tuyên Quang,2010,3,57.5
Hà Nội,2010,3,53.0
Bãi Cháy,2010,3,34.9
Nam Định,2010,3,46.7
Vinh,2010,3,95.0
Huế,2010,3,169.7
Đà Nẵng,2010,3,107.4
Qui Nhơn,2010,3,247.7
Pleiku,2010,3,262.7
Đà Lạt,2010,3,228.7
Nha Trang,2010,3,235.1
Vũng Tàu,2010,3,303.2
Cà Mau,2010,3,245.7
Lai Châu,2009,3,176.6
Sơn La,2009,3,169.4
Tuyên Quang,2009,3,57.5
Hà Nội,2009,3,50.1
Bãi Cháy,2009,3,34.6
Nam Định,2009,3,44.9
Vinh,2009,3,70.1
Huế,2009,3,131.4
Đà Nẵng,2009,3,187.4
Qui Nhơn,2009,3,245.7
Pleiku,2009,3,262.7
Đà Lạt,2009,3,228.7
Nha Trang,2009,3,252.4
Vũng Tàu,2009,3,303.2
Cà Mau,2009,3,245.7
Lai Châu,2008,3,135.0
Sơn La,2008,3,170.0
Tuyên Quang,2008,3,69.0
Hà Nội,2008,3,68.0
Bãi Cháy,2008,3,79.0
Nam Định,2008,3,65.0
Vinh,2008,3,94.0
Huế,2008,3,122.0
Đà Nẵng,2008,3,158.0
Qui Nhơn,2008,3,193.0
Pleiku,2008,3,252.0
Đà Lạt,2008,3,193.0
Nha Trang,2008,3,235.0
Vũng Tàu,2008,3,286.0
Cà Mau,2008,3,253.0
Lai Châu,2007,3,202.0
Sơn La,2007,3,196.0
Tuyên Quang,2007,3,31.0
Hà Nội,2007,3,25.0
Bãi Cháy,2007,3,9.0
Nam Định,2007,3,12.0
Vinh,2007,3,72.0
Huế,2007,3,136.0
Đà Nẵng,2007,3,174.0
Qui Nhơn,2007,3,243.0
Pleiku,2007,3,214.0
Đà Lạt,2007,3,204.0
Nha Trang,2007,3,255.0
Vũng Tàu,2007,3,271.0
Cà Mau,2007,3,241.0
Lai Châu,2006,3,153.0
Sơn La,2006,3,136.0
Tuyên Quang,2006,3,19.0
Hà Nội,2006,3,26.0
Bãi Cháy,2006,3,19.0
Nam Định,2006,3,20.0
Vinh,2006,3,40.0
Huế,2006,3,108.0
Đà Nẵng,2006,3,164.0
Qui Nhơn,2006,3,232.0
Pleiku,2006,3,258.0
Đà Lạt,2006,3,236.0
Nha Trang,2006,3,266.0
Vũng Tàu,2006,3,266.0
Cà Mau,2006,3,241.0
Lai Châu,2019,4,241.5
Sơn La,2019,4,261.9
Tuyên Quang,2019,4,116.6
Hà Nội,2019,4,98.3
Bãi Cháy,2019,4,72.0
Nam Định,2019,4,106.9
Vinh,2019,4,202.6
Huế,2019,4,229.8
Đà Nẵng,2019,4,238.7
Qui Nhơn,2019,4,303.5
Pleiku,2019,4,228.9
Đà Lạt,2019,4,209.7
Nha Trang,2019,4,302.0
Vũng Tàu,2019,4,299.7
Cà Mau,2019,4,245.3
Lai Châu,2018,4,196.8
Sơn La,2018,4,200.3
Tuyên Quang,2018,4,71.9
Hà Nội,2018,4,63.1
Bãi Cháy,2018,4,74.2
Nam Định,2018,4,81.2
Vinh,2018,4,144.7
Huế,2018,4,179.0
Đà Nẵng,2018,4,220.0
Qui Nhơn,2018,4,278.3
Pleiku,2018,4,242.8
Đà Lạt,2018,4,211.4
Nha Trang,2018,4,280.7
Vũng Tàu,2018,4,296.1
Cà Mau,2018,4,248.3
Lai Châu,2017,4,164.5
Sơn La,2017,4,187.1
Tuyên Quang,2017,4,102.6
Hà Nội,2017,4,81.7
Bãi Cháy,2017,4,96.9
Nam Định,2017,4,94.8
Vinh,2017,4,147.3
Huế,2017,4,169.8
Đà Nẵng,2017,4,202.4
Qui Nhơn,2017,4,234.1
Pleiku,2017,4,234.0
Đà Lạt,2017,4,172.6
Nha Trang,2017,4,236.3
Vũng Tàu,2017,4,287.5
Cà Mau,2017,4,245.1
Lai Châu,2016,4,212.3
Sơn La,2016,4,258.4
Tuyên Quang,2016,4,123.2
Hà Nội,2016,4,64.6
Bãi Cháy,2016,4,78.8
Nam Định,2016,4,49.1
Vinh,2016,4,125.2
Huế,2016,4,191.6
Đà Nẵng,2016,4,207.8
Qui Nhơn,2016,4,282.8
Pleiku,2016,4,263.0
Đà Lạt,2016,4,211.8
Nha Trang,2016,4,266.1
Vũng Tàu,2016,4,298.0
Cà Mau,2016,4,284.2
Lai Châu,2015,4,217.5
Sơn La,2015,4,222.1
Tuyên Quang,2015,4,135.2
Hà Nội,2015,4,114.3
Bãi Cháy,2015,4,151.0
Nam Định,2015,4,130.8
Vinh,2015,4,144.5
Huế,2015,4,199.1
Đà Nẵng,2015,4,232.2
Qui Nhơn,2015,4,296.2
Pleiku,2015,4,275.3
Đà Lạt,2015,4,195.7
Nha Trang,2015,4,167.2
Vũng Tàu,2015,4,295.3
Cà Mau,2015,4,267.5
Lai Châu,2014,4,219.7
Sơn La,2014,4,208.8
Tuyên Quang,2014,4,38.1
Hà Nội,2014,4,13.5
Bãi Cháy,2014,4,25.7
Nam Định,2014,4,11.5
Vinh,2014,4,79.5
Huế,2014,4,195.2
Đà Nẵng,2014,4,228.6
Qui Nhơn,2014,4,282.7
Pleiku,2014,4,227.6
Đà Lạt,2014,4,149.3
Nha Trang,2014,4,284.3
Vũng Tàu,2014,4,272.7
Cà Mau,2014,4,244.1
Lai Châu,2013,4,184.4
Sơn La,2013,4,192.7
Tuyên Quang,2013,4,102.9
Hà Nội,2013,4,69.0
Bãi Cháy,2013,4,63.7
Nam Định,2013,4,71.8
Vinh,2013,4,103.9
Huế,2013,4,159.6
Đà Nẵng,2013,4,172.0
Qui Nhơn,2013,4,242.9
Pleiku,2013,4,214.1
Đà Lạt,2013,4,177.1
Nha Trang,2013,4,245.7
Vũng Tàu,2013,4,203.5
Cà Mau,2013,4,199.3
Lai Châu,2012,4,250.4
Sơn La,2012,4,248.7
Tuyên Quang,2012,4,166.2
Hà Nội,2012,4,94.9
Bãi Cháy,2012,4,77.4
Nam Định,2012,4,104.7
Vinh,2012,4,168.1
Huế,2012,4,180.1
Đà Nẵng,2012,4,209.9
Qui Nhơn,2012,4,275.2
Pleiku,2012,4,233.0
Đà Lạt,2012,4,200.5
Nha Trang,2012,4,280.4
Vũng Tàu,2012,4,265.5
Cà Mau,2012,4,227.2
Lai Châu,2011,4,156.9
Sơn La,2011,4,143.3
Tuyên Quang,2011,4,70.8
Hà Nội,2011,4,57.0
Bãi Cháy,2011,4,86.6
Nam Định,2011,4,64.3
Vinh,2011,4,102.4
Huế,2011,4,149.9
Đà Nẵng,2011,4,174.8
Qui Nhơn,2011,4,252.6
Pleiku,2011,4,251.8
Đà Lạt,2011,4,188.3
Nha Trang,2011,4,257.9
Vũng Tàu,2011,4,249.9
Cà Mau,2011,4,228.5
Lai Châu,2010,4,192.4
Sơn La,2010,4,194.1
Tuyên Quang,2010,4,102.7
Hà Nội,2010,4,51.1
Bãi Cháy,2010,4,34.7
Nam Định,2010,4,58.6
Vinh,2010,4,88.0
Huế,2010,4,145.0
Đà Nẵng,2010,4,104.4
Qui Nhơn,2010,4,268.6
Pleiku,2010,4,210.1
Đà Lạt,2010,4,167.0
Nha Trang,2010,4,280.4
Vũng Tàu,2010,4,231.1
Cà Mau,2010,4,183.2
Lai Châu,2009,4,193.8
Sơn La,2009,4,200.0
Tuyên Quang,2009,4,102.7
Hà Nội,2009,4,85.6
Bãi Cháy,2009,4,86.5
Nam Định,2009,4,73.7
Vinh,2009,4,110.3
Huế,2009,4,127.5
Đà Nẵng,2009,4,163.2
Qui Nhơn,2009,4,223.4
Pleiku,2009,4,210.1
Đà Lạt,2009,4,167.0
Nha Trang,2009,4,193.2
Vũng Tàu,2009,4,231.1
Cà Mau,2009,4,183.2
Lai Châu,2008,4,186.0
Sơn La,2008,4,178.0
Tuyên Quang,2008,4,71.0
Hà Nội,2008,4,73.0
Bãi Cháy,2008,4,82.0
Nam Định,2008,4,74.0
Vinh,2008,4,123.0
Huế,2008,4,169.0
Đà Nẵng,2008,4,241.0
Qui Nhơn,2008,4,280.0
Pleiku,2008,4,252.0
Đà Lạt,2008,4,204.0
Nha Trang,2008,4,271.0
Vũng Tàu,2008,4,249.0
Cà Mau,2008,4,216.0
Lai Châu,2007,4,134.0
Sơn La,2007,4,152.0
Tuyên Quang,2007,4,82.0
Hà Nội,2007,4,88.0
Bãi Cháy,2007,4,78.0
Nam Định,2007,4,89.0
Vinh,2007,4,127.0
Huế,2007,4,115.0
Đà Nẵng,2007,4,181.0
Qui Nhơn,2007,4,240.0
Pleiku,2007,4,234.0
Đà Lạt,2007,4,205.0
Nha Trang,2007,4,274.0
Vũng Tàu,2007,4,265.0
Cà Mau,2007,4,242.0
Lai Châu,2006,4,185.0
Sơn La,2006,4,192.0
Tuyên Quang,2006,4,109.0
Hà Nội,2006,4,102.0
Bãi Cháy,2006,4,94.0
Nam Định,2006,4,108.0
Vinh,2006,4,183.0
Huế,2006,4,186.0
Đà Nẵng,2006,4,240.0
Qui Nhơn,2006,4,265.0
Pleiku,2006,4,240.0
Đà Lạt,2006,4,205.0
Nha Trang,2006,4,286.0
Vũng Tàu,2006,4,284.0
Cà Mau,2006,4,226.0
Lai Châu,2019,5,231.0
Sơn La,2019,5,234.6
Tuyên Quang,2019,5,105.6
Hà Nội,2019,5,95.5
Bãi Cháy,2019,5,117.4
Nam Định,2019,5,128.5
Vinh,2019,5,189.6
Huế,2019,5,236.0
Đà Nẵng,2019,5,258.0
Qui Nhơn,2019,5,301.3
Pleiku,2019,5,221.8
Đà Lạt,2019,5,192.0
Nha Trang,2019,5,278.3
Vũng Tàu,2019,5,257.7
Cà Mau,2019,5,190.7
Lai Châu,2018,5,190.0
Sơn La,2018,5,231.5
Tuyên Quang,2018,5,217.7
Hà Nội,2018,5,208.1
Bãi Cháy,2018,5,216.8
Nam Định,2018,5,244.5
Vinh,2018,5,262.5
Huế,2018,5,279.0
Đà Nẵng,2018,5,283.0
Qui Nhơn,2018,5,285.7
Pleiku,2018,5,218.8
Đà Lạt,2018,5,189.8
Nha Trang,2018,5,272.9
Vũng Tàu,2018,5,238.7
Cà Mau,2018,5,192.6
Lai Châu,2017,5,198.6
Sơn La,2017,5,231.1
Tuyên Quang,2017,5,196.9
Hà Nội,2017,5,147.9
Bãi Cháy,2017,5,154.7
Nam Định,2017,5,154.7
Vinh,2017,5,193.2
Huế,2017,5,179.4
Đà Nẵng,2017,5,211.7
Qui Nhơn,2017,5,255.0
Pleiku,2017,5,182.4
Đà Lạt,2017,5,161.0
Nha Trang,2017,5,230.2
Vũng Tàu,2017,5,238.8
Cà Mau,2017,5,165.4
Lai Châu,2016,5,183.1
Sơn La,2016,5,224.0
Tuyên Quang,2016,5,163.7
Hà Nội,2016,5,143.5
Bãi Cháy,2016,5,148.7
Nam Định,2016,5,155.4
Vinh,2016,5,235.4
Huế,2016,5,218.0
Đà Nẵng,2016,5,242.0
Qui Nhơn,2016,5,265.1
Pleiku,2016,5,221.3
Đà Lạt,2016,5,165.7
Nha Trang,2016,5,248.8
Vũng Tàu,2016,5,240.1
Cà Mau,2016,5,168.9
Lai Châu,2015,5,258.1
Sơn La,2015,5,291.1
Tuyên Quang,2015,5,240.2
Hà Nội,2015,5,204.7
Bãi Cháy,2015,5,178.8
Nam Định,2015,5,233.7
Vinh,2015,5,285.9
Huế,2015,5,287.3
Đà Nẵng,2015,5,281.7
Qui Nhơn,2015,5,306.2
Pleiku,2015,5,232.7
Đà Lạt,2015,5,174.5
Nha Trang,2015,5,225.1
Vũng Tàu,2015,5,282.5
Cà Mau,2015,5,219.3
Lai Châu,2014,5,211.5
Sơn La,2014,5,242.2
Tuyên Quang,2014,5,202.2
Hà Nội,2014,5,181.5
Bãi Cháy,2014,5,165.9
Nam Định,2014,5,191.0
Vinh,2014,5,248.9
Huế,2014,5,274.7
Đà Nẵng,2014,5,280.2
Qui Nhơn,2014,5,319.9
Pleiku,2014,5,257.7
Đà Lạt,2014,5,185.3
Nha Trang,2014,5,307.6
Vũng Tàu,2014,5,264.1
Cà Mau,2014,5,196.0
Lai Châu,2013,5,205.0
Sơn La,2013,5,225.0
Tuyên Quang,2013,5,191.9
Hà Nội,2013,5,158.0
Bãi Cháy,2013,5,123.2
Nam Định,2013,5,175.7
Vinh,2013,5,228.4
Huế,2013,5,261.0
Đà Nẵng,2013,5,288.3
Qui Nhơn,2013,5,307.2
Pleiku,2013,5,236.5
Đà Lạt,2013,5,194.2
Nha Trang,2013,5,288.4
Vũng Tàu,2013,5,227.7
Cà Mau,2013,5,179.8
Lai Châu,2012,5,182.4
Sơn La,2012,5,213.3
Tuyên Quang,2012,5,194.9
Hà Nội,2012,5,0.0
Bãi Cháy,2012,5,162.2
Nam Định,2012,5,173.4
Vinh,2012,5,198.2
Huế,2012,5,240.7
Đà Nẵng,2012,5,258.2
Qui Nhơn,2012,5,299.9
Pleiku,2012,5,207.8
Đà Lạt,2012,5,187.2
Nha Trang,2012,5,293.8
Vũng Tàu,2012,5,249.7
Cà Mau,2012,5,185.4
Lai Châu,2011,5,174.0
Sơn La,2011,5,188.2
Tuyên Quang,2011,5,171.3
Hà Nội,2011,5,138.5
Bãi Cháy,2011,5,156.8
Nam Định,2011,5,160.6
Vinh,2011,5,192.2
Huế,2011,5,218.9
Đà Nẵng,2011,5,258.7
Qui Nhơn,2011,5,280.4
Pleiku,2011,5,203.4
Đà Lạt,2011,5,179.5
Nha Trang,2011,5,285.9
Vũng Tàu,2011,5,222.4
Cà Mau,2011,5,172.3
Lai Châu,2010,5,234.5
Sơn La,2010,5,228.1
Tuyên Quang,2010,5,156.9
Hà Nội,2010,5,124.8
Bãi Cháy,2010,5,91.4
Nam Định,2010,5,150.3
Vinh,2010,5,220.0
Huế,2010,5,252.1
Đà Nẵng,2010,5,207.9
Qui Nhơn,2010,5,306.9
Pleiku,2010,5,192.2
Đà Lạt,2010,5,154.5
Nha Trang,2010,5,304.3
Vũng Tàu,2010,5,171.5
Cà Mau,2010,5,147.4
Lai Châu,2009,5,201.6
Sơn La,2009,5,208.5
Tuyên Quang,2009,5,156.9
Hà Nội,2009,5,142.8
Bãi Cháy,2009,5,141.5
Nam Định,2009,5,155.1
Vinh,2009,5,162.3
Huế,2009,5,213.9
Đà Nẵng,2009,5,226.1
Qui Nhơn,2009,5,227.2
Pleiku,2009,5,198.2
Đà Lạt,2009,5,154.5
Nha Trang,2009,5,190.5
Vũng Tàu,2009,5,171.5
Cà Mau,2009,5,147.4
Lai Châu,2008,5,204.0
Sơn La,2008,5,210.0
Tuyên Quang,2008,5,156.0
Hà Nội,2008,5,143.0
Bãi Cháy,2008,5,173.0
Nam Định,2008,5,164.0
Vinh,2008,5,188.0
Huế,2008,5,193.0
Đà Nẵng,2008,5,227.0
Qui Nhơn,2008,5,272.0
Pleiku,2008,5,176.0
Đà Lạt,2008,5,143.0
Nha Trang,2008,5,266.0
Vũng Tàu,2008,5,203.0
Cà Mau,2008,5,166.0
Lai Châu,2007,5,133.0
Sơn La,2007,5,198.0
Tuyên Quang,2007,5,165.0
Hà Nội,2007,5,146.0
Bãi Cháy,2007,5,159.0
Nam Định,2007,5,150.0
Vinh,2007,5,198.0
Huế,2007,5,173.0
Đà Nẵng,2007,5,231.0
Qui Nhơn,2007,5,260.0
Pleiku,2007,5,207.0
Đà Lạt,2007,5,199.0
Nha Trang,2007,5,260.0
Vũng Tàu,2007,5,199.0
Cà Mau,2007,5,164.0
Lai Châu,2006,5,165.0
Sơn La,2006,5,187.0
Tuyên Quang,2006,5,174.0
Hà Nội,2006,5,159.0
Bãi Cháy,2006,5,154.0
Nam Định,2006,5,186.0
Vinh,2006,5,222.0
Huế,2006,5,239.0
Đà Nẵng,2006,5,261.0
Qui Nhơn,2006,5,269.0
Pleiku,2006,5,223.0
Đà Lạt,2006,5,197.0
Nha Trang,2006,5,282.0
Vũng Tàu,2006,5,247.0
Cà Mau,2006,5,178.0
Lai Châu,2019,6,127.4
Sơn La,2019,6,187.3
Tuyên Quang,2019,6,176.5
Hà Nội,2019,6,137.8
Bãi Cháy,2019,6,150.7
Nam Định,2019,6,208.1
Vinh,2019,6,270.8
Huế,2019,6,293.3
Đà Nẵng,2019,6,280.1
Qui Nhơn,2019,6,307.7
Pleiku,2019,6,185.7
Đà Lạt,2019,6,202.0
Nha Trang,2019,6,256.1
Vũng Tàu,2019,6,200.3
Cà Mau,2019,6,110.7
Lai Châu,2018,6,84.4
Sơn La,2018,6,125.2
Tuyên Quang,2018,6,157.1
Hà Nội,2018,6,156.0
Bãi Cháy,2018,6,160.1
Nam Định,2018,6,174.3
Vinh,2018,6,196.2
Huế,2018,6,191.3
Đà Nẵng,2018,6,181.9
Qui Nhơn,2018,6,173.5
Pleiku,2018,6,107.2
Đà Lạt,2018,6,100.9
Nha Trang,2018,6,184.7
Vũng Tàu,2018,6,196.0
Cà Mau,2018,6,123.2
Lai Châu,2017,6,110.4
Sơn La,2017,6,162.2
Tuyên Quang,2017,6,146.2
Hà Nội,2017,6,123.9
Bãi Cháy,2017,6,147.4
Nam Định,2017,6,144.4
Vinh,2017,6,214.4
Huế,2017,6,262.1
Đà Nẵng,2017,6,288.3
Qui Nhơn,2017,6,303.6
Pleiku,2017,6,175.9
Đà Lạt,2017,6,187.1
Nha Trang,2017,6,270.1
Vũng Tàu,2017,6,200.3
Cà Mau,2017,6,147.6
Lai Châu,2016,6,144.8
Sơn La,2016,6,235.0
Tuyên Quang,2016,6,261.3
Hà Nội,2016,6,192.8
Bãi Cháy,2016,6,215.7
Nam Định,2016,6,221.4
Vinh,2016,6,251.4
Huế,2016,6,249.4
Đà Nẵng,2016,6,263.1
Qui Nhơn,2016,6,264.5
Pleiku,2016,6,178.4
Đà Lạt,2016,6,146.9
Nha Trang,2016,6,229.3
Vũng Tàu,2016,6,197.8
Cà Mau,2016,6,144.3
Lai Châu,2015,6,142.2
Sơn La,2015,6,193.5
Tuyên Quang,2015,6,211.3
Hà Nội,2015,6,178.0
Bãi Cháy,2015,6,206.5
Nam Định,2015,6,227.7
Vinh,2015,6,278.8
Huế,2015,6,270.1
Đà Nẵng,2015,6,264.4
Qui Nhơn,2015,6,270.7
Pleiku,2015,6,188.4
Đà Lạt,2015,6,136.9
Nha Trang,2015,6,243.5
Vũng Tàu,2015,6,204.3
Cà Mau,2015,6,134.5
Lai Châu,2014,6,106.3
Sơn La,2014,6,134.7
Tuyên Quang,2014,6,133.7
Hà Nội,2014,6,120.3
Bãi Cháy,2014,6,160.5
Nam Định,2014,6,152.0
Vinh,2014,6,188.5
Huế,2014,6,222.2
Đà Nẵng,2014,6,224.0
Qui Nhơn,2014,6,219.9
Pleiku,2014,6,133.2
Đà Lạt,2014,6,131.9
Nha Trang,2014,6,222.9
Vũng Tàu,2014,6,175.7
Cà Mau,2014,6,109.8
Lai Châu,2013,6,143.4
Sơn La,2013,6,184.5
Tuyên Quang,2013,6,193.6
Hà Nội,2013,6,161.7
Bãi Cháy,2013,6,163.9
Nam Định,2013,6,167.8
Vinh,2013,6,224.3
Huế,2013,6,225.7
Đà Nẵng,2013,6,237.4
Qui Nhơn,2013,6,211.7
Pleiku,2013,6,155.2
Đà Lạt,2013,6,132.2
Nha Trang,2013,6,208.7
Vũng Tàu,2013,6,157.8
Cà Mau,2013,6,131.1
Lai Châu,2012,6,83.0
Sơn La,2012,6,127.0
Tuyên Quang,2012,6,121.2
Hà Nội,2012,6,107.7
Bãi Cháy,2012,6,110.4
Nam Định,2012,6,117.5
Vinh,2012,6,145.0
Huế,2012,6,194.4
Đà Nẵng,2012,6,183.5
Qui Nhơn,2012,6,220.7
Pleiku,2012,6,137.1
Đà Lạt,2012,6,151.1
Nha Trang,2012,6,236.3
Vũng Tàu,2012,6,197.0
Cà Mau,2012,6,139.9
Lai Châu,2011,6,107.2
Sơn La,2011,6,136.7
Tuyên Quang,2011,6,158.4
Hà Nội,2011,6,127.2
Bãi Cháy,2011,6,168.4
Nam Định,2011,6,168.8
Vinh,2011,6,222.1
Huế,2011,6,217.9
Đà Nẵng,2011,6,222.9
Qui Nhơn,2011,6,249.4
Pleiku,2011,6,108.9
Đà Lạt,2011,6,128.8
Nha Trang,2011,6,269.1
Vũng Tàu,2011,6,193.7
Cà Mau,2011,6,118.1
Lai Châu,2010,6,126.8
Sơn La,2010,6,164.0
Tuyên Quang,2010,6,190.4
Hà Nội,2010,6,158.5
Bãi Cháy,2010,6,147.1
Nam Định,2010,6,165.5
Vinh,2010,6,206.0
Huế,2010,6,265.0
Đà Nẵng,2010,6,212.2
Qui Nhơn,2010,6,272.7
Pleiku,2010,6,170.0
Đà Lạt,2010,6,172.3
Nha Trang,2010,6,289.1
Vũng Tàu,2010,6,213.2
Cà Mau,2010,6,184.8
Lai Châu,2009,6,111.9
Sơn La,2009,6,138.3
Tuyên Quang,2009,6,190.4
Hà Nội,2009,6,166.6
Bãi Cháy,2009,6,181.0
Nam Định,2009,6,189.1
Vinh,2009,6,203.9
Huế,2009,6,252.9
Đà Nẵng,2009,6,256.4
Qui Nhơn,2009,6,239.0
Pleiku,2009,6,170.0
Đà Lạt,2009,6,172.3
Nha Trang,2009,6,262.6
Vũng Tàu,2009,6,213.2
Cà Mau,2009,6,184.8
Lai Châu,2008,6,80.0
Sơn La,2008,6,108.0
Tuyên Quang,2008,6,126.0
Hà Nội,2008,6,116.0
Bãi Cháy,2008,6,100.0
Nam Định,2008,6,106.0
Vinh,2008,6,155.0
Huế,2008,6,211.0
Đà Nẵng,2008,6,227.0
Qui Nhơn,2008,6,278.0
Pleiku,2008,6,199.0
Đà Lạt,2008,6,191.0
Nha Trang,2008,6,285.0
Vũng Tàu,2008,6,223.0
Cà Mau,2008,6,127.0
Lai Châu,2007,6,117.0
Sơn La,2007,6,181.0
Tuyên Quang,2007,6,203.0
Hà Nội,2007,6,218.0
Bãi Cháy,2007,6,185.0
Nam Định,2007,6,226.0
Vinh,2007,6,256.0
Huế,2007,6,261.0
Đà Nẵng,2007,6,277.0
Qui Nhơn,2007,6,276.0
Pleiku,2007,6,185.0
Đà Lạt,2007,6,150.0
Nha Trang,2007,6,255.0
Vũng Tàu,2007,6,169.0
Cà Mau,2007,6,163.0
Lai Châu,2006,6,137.0
Sơn La,2006,6,171.0
Tuyên Quang,2006,6,177.0
Hà Nội,2006,6,170.0
Bãi Cháy,2006,6,158.0
Nam Định,2006,6,188.0
Vinh,2006,6,229.0
Huế,2006,6,279.0
Đà Nẵng,2006,6,290.0
Qui Nhơn,2006,6,270.0
Pleiku,2006,6,211.0
Đà Lạt,2006,6,161.0
Nha Trang,2006,6,261.0
Vũng Tàu,2006,6,200.0
Cà Mau,2006,6,159.0
Lai Châu,2019,7,91.1
Sơn La,2019,7,147.0
Tuyên Quang,2019,7,155.9
Hà Nội,2019,7,139.8
Bãi Cháy,2019,7,143.4
Nam Định,2019,7,176.0
Vinh,2019,7,242.6
Huế,2019,7,231.4
Đà Nẵng,2019,7,228.8
Qui Nhơn,2019,7,257.6
Pleiku,2019,7,152.3
Đà Lạt,2019,7,149.7
Nha Trang,2019,7,217.1
Vũng Tàu,2019,7,204.9
Cà Mau,2019,7,141.1
Lai Châu,2018,7,158.4
Sơn La,2018,7,155.5
Tuyên Quang,2018,7,178.6
Hà Nội,2018,7,130.0
Bãi Cháy,2018,7,133.8
Nam Định,2018,7,129.0
Vinh,2018,7,144.3
Huế,2018,7,162.8
Đà Nẵng,2018,7,169.3
Qui Nhơn,2018,7,209.4
Pleiku,2018,7,89.2
Đà Lạt,2018,7,114.6
Nha Trang,2018,7,223.6
Vũng Tàu,2018,7,191.3
Cà Mau,2018,7,116.4
Lai Châu,2017,7,121.4
Sơn La,2017,7,157.2
Tuyên Quang,2017,7,141.3
Hà Nội,2017,7,111.6
Bãi Cháy,2017,7,143.9
Nam Định,2017,7,107.3
Vinh,2017,7,162.6
Huế,2017,7,194.5
Đà Nẵng,2017,7,188.1
Qui Nhơn,2017,7,190.3
Pleiku,2017,7,98.9
Đà Lạt,2017,7,97.8
Nha Trang,2017,7,189.3
Vũng Tàu,2017,7,187.4
Cà Mau,2017,7,143.7
Lai Châu,2016,7,129.4
Sơn La,2016,7,185.5
Tuyên Quang,2016,7,219.8
Hà Nội,2016,7,152.4
Bãi Cháy,2016,7,165.8
Nam Định,2016,7,177.5
Vinh,2016,7,262.3
Huế,2016,7,267.7
Đà Nẵng,2016,7,288.2
Qui Nhơn,2016,7,306.5
Pleiku,2016,7,199.2
Đà Lạt,2016,7,169.1
Nha Trang,2016,7,281.3
Vũng Tàu,2016,7,240.3
Cà Mau,2016,7,158.5
Lai Châu,2015,7,123.0
Sơn La,2015,7,165.5
Tuyên Quang,2015,7,179.1
Hà Nội,2015,7,124.0
Bãi Cháy,2015,7,145.1
Nam Định,2015,7,136.5
Vinh,2015,7,117.3
Huế,2015,7,133.9
Đà Nẵng,2015,7,143.7
Qui Nhơn,2015,7,214.4
Pleiku,2015,7,125.4
Đà Lạt,2015,7,108.2
Nha Trang,2015,7,211.2
Vũng Tàu,2015,7,205.4
Cà Mau,2015,7,167.2
Lai Châu,2014,7,144.0
Sơn La,2014,7,179.2
Tuyên Quang,2014,7,191.4
Hà Nội,2014,7,133.0
Bãi Cháy,2014,7,147.8
Nam Định,2014,7,135.4
Vinh,2014,7,222.9
Huế,2014,7,232.5
Đà Nẵng,2014,7,231.1
Qui Nhơn,2014,7,233.4
Pleiku,2014,7,105.8
Đà Lạt,2014,7,85.3
Nha Trang,2014,7,230.1
Vũng Tàu,2014,7,190.7
Cà Mau,2014,7,128.9
Lai Châu,2013,7,102.9
Sơn La,2013,7,137.8
Tuyên Quang,2013,7,173.5
Hà Nội,2013,7,119.9
Bãi Cháy,2013,7,95.2
Nam Định,2013,7,131.7
Vinh,2013,7,191.4
Huế,2013,7,207.0
Đà Nẵng,2013,7,214.5
Qui Nhơn,2013,7,232.5
Pleiku,2013,7,125.7
Đà Lạt,2013,7,124.8
Nha Trang,2013,7,232.3
Vũng Tàu,2013,7,157.1
Cà Mau,2013,7,142.7
Lai Châu,2012,7,100.3
Sơn La,2012,7,171.0
Tuyên Quang,2012,7,173.5
Hà Nội,2012,7,145.4
Bãi Cháy,2012,7,152.9
Nam Định,2012,7,175.8
Vinh,2012,7,228.9
Huế,2012,7,236.3
Đà Nẵng,2012,7,242.0
Qui Nhơn,2012,7,240.9
Pleiku,2012,7,151.8
Đà Lạt,2012,7,141.5
Nha Trang,2012,7,249.3
Vũng Tàu,2012,7,199.7
Cà Mau,2012,7,145.9
Lai Châu,2011,7,166.8
Sơn La,2011,7,190.5
Tuyên Quang,2011,7,196.8
Hà Nội,2011,7,151.4
Bãi Cháy,2011,7,196.6
Nam Định,2011,7,191.2
Vinh,2011,7,200.7
Huế,2011,7,216.9
Đà Nẵng,2011,7,232.8
Qui Nhơn,2011,7,261.5
Pleiku,2011,7,138.7
Đà Lạt,2011,7,144.6
Nha Trang,2011,7,275.1
Vũng Tàu,2011,7,203.0
Cà Mau,2011,7,158.5
Lai Châu,2010,7,127.1
Sơn La,2010,7,177.1
Tuyên Quang,2010,7,157.3
Hà Nội,2010,7,180.5
Bãi Cháy,2010,7,218.4
Nam Định,2010,7,221.9
Vinh,2010,7,225.0
Huế,2010,7,253.3
Đà Nẵng,2010,7,237.6
Qui Nhơn,2010,7,262.1
Pleiku,2010,7,109.9
Đà Lạt,2010,7,127.3
Nha Trang,2010,7,227.9
Vũng Tàu,2010,7,195.6
Cà Mau,2010,7,113.8
Lai Châu,2009,7,135.1
Sơn La,2009,7,144.9
Tuyên Quang,2009,7,157.3
Hà Nội,2009,7,142.9
Bãi Cháy,2009,7,173.0
Nam Định,2009,7,174.1
Vinh,2009,7,197.5
Huế,2009,7,213.5
Đà Nẵng,2009,7,211.9
Qui Nhơn,2009,7,223.2
Pleiku,2009,7,109.9
Đà Lạt,2009,7,127.3
Nha Trang,2009,7,239.1
Vũng Tàu,2009,7,195.6
Cà Mau,2009,7,113.8
Lai Châu,2008,7,100.0
Sơn La,2008,7,112.0
Tuyên Quang,2008,7,155.0
Hà Nội,2008,7,144.0
Bãi Cháy,2008,7,108.0
Nam Định,2008,7,147.0
Vinh,2008,7,177.0
Huế,2008,7,265.0
Đà Nẵng,2008,7,277.0
Qui Nhơn,2008,7,283.0
Pleiku,2008,7,185.0
Đà Lạt,2008,7,165.0
Nha Trang,2008,7,263.0
Vũng Tàu,2008,7,240.0
Cà Mau,2008,7,173.0
Lai Châu,2007,7,63.0
Sơn La,2007,7,124.0
Tuyên Quang,2007,7,172.0
Hà Nội,2007,7,209.0
Bãi Cháy,2007,7,222.0
Nam Định,2007,7,258.0
Vinh,2007,7,292.0
Huế,2007,7,275.0
Đà Nẵng,2007,7,290.0
Qui Nhơn,2007,7,278.0
Pleiku,2007,7,145.0
Đà Lạt,2007,7,129.0
Nha Trang,2007,7,245.0
Vũng Tàu,2007,7,165.0
Cà Mau,2007,7,126.0
Lai Châu,2006,7,125.0
Sơn La,2006,7,128.0
Tuyên Quang,2006,7,171.0
Hà Nội,2006,7,145.0
Bãi Cháy,2006,7,156.0
Nam Định,2006,7,160.0
Vinh,2006,7,185.0
Huế,2006,7,183.0
Đà Nẵng,2006,7,199.0
Qui Nhơn,2006,7,178.0
Pleiku,2006,7,88.0
Đà Lạt,2006,7,106.0
Nha Trang,2006,7,219.0
Vũng Tàu,2006,7,169.0
Cà Mau,2006,7,124.0
Lai Châu,2019,8,187.1
Sơn La,2019,8,198.6
Tuyên Quang,2019,8,202.5
Hà Nội,2019,8,137.0
Bãi Cháy,2019,8,139.9
Nam Định,2019,8,145.3
Vinh,2019,8,153.4
Huế,2019,8,166.0
Đà Nẵng,2019,8,193.7
Qui Nhơn,2019,8,243.9
Pleiku,2019,8,120.0
Đà Lạt,2019,8,142.6
Nha Trang,2019,8,261.2
Vũng Tàu,2019,8,203.0
Cà Mau,2019,8,133.8
Lai Châu,2018,8,127.9
Sơn La,2018,8,134.6
Tuyên Quang,2018,8,146.5
Hà Nội,2018,8,124.8
Bãi Cháy,2018,8,127.5
Nam Định,2018,8,108.8
Vinh,2018,8,164.2
Huế,2018,8,188.0
Đà Nẵng,2018,8,172.2
Qui Nhơn,2018,8,185.8
Pleiku,2018,8,68.4
Đà Lạt,2018,8,89.6
Nha Trang,2018,8,215.7
Vũng Tàu,2018,8,182.3
Cà Mau,2018,8,135.6
Lai Châu,2017,8,104.5
Sơn La,2017,8,145.6
Tuyên Quang,2017,8,147.3
Hà Nội,2017,8,107.6
Bãi Cháy,2017,8,139.0
Nam Định,2017,8,125.9
Vinh,2017,8,170.2
Huế,2017,8,238.4
Đà Nẵng,2017,8,254.5
Qui Nhơn,2017,8,264.6
Pleiku,2017,8,143.0
Đà Lạt,2017,8,154.4
Nha Trang,2017,8,259.2
Vũng Tàu,2017,8,233.8
Cà Mau,2017,8,152.3
Lai Châu,2016,8,153.4
Sơn La,2016,8,177.7
Tuyên Quang,2016,8,173.6
Hà Nội,2016,8,129.4
Bãi Cháy,2016,8,151.2
Nam Định,2016,8,131.6
Vinh,2016,8,181.6
Huế,2016,8,198.2
Đà Nẵng,2016,8,224.5
Qui Nhơn,2016,8,239.1
Pleiku,2016,8,114.0
Đà Lạt,2016,8,146.5
Nha Trang,2016,8,257.1
Vũng Tàu,2016,8,219.5
Cà Mau,2016,8,159.8
Lai Châu,2015,8,117.0
Sơn La,2015,8,173.1
Tuyên Quang,2015,8,191.2
Hà Nội,2015,8,157.7
Bãi Cháy,2015,8,193.8
Nam Định,2015,8,191.8
Vinh,2015,8,231.2
Huế,2015,8,256.5
Đà Nẵng,2015,8,262.2
Qui Nhơn,2015,8,307.0
Pleiku,2015,8,191.4
Đà Lạt,2015,8,161.8
Nha Trang,2015,8,283.7
Vũng Tàu,2015,8,260.5
Cà Mau,2015,8,186.5
Lai Châu,2014,8,119.2
Sơn La,2014,8,158.4
Tuyên Quang,2014,8,180.5
Hà Nội,2014,8,107.6
Bãi Cháy,2014,8,132.7
Nam Định,2014,8,112.3
Vinh,2014,8,162.8
Huế,2014,8,207.4
Đà Nẵng,2014,8,220.7
Qui Nhơn,2014,8,259.6
Pleiku,2014,8,166.2
Đà Lạt,2014,8,167.6
Nha Trang,2014,8,277.7
Vũng Tàu,2014,8,215.6
Cà Mau,2014,8,190.9
Lai Châu,2013,8,163.4
Sơn La,2013,8,182.6
Tuyên Quang,2013,8,181.7
Hà Nội,2013,8,140.9
Bãi Cháy,2013,8,151.4
Nam Định,2013,8,153.8
Vinh,2013,8,175.8
Huế,2013,8,181.5
Đà Nẵng,2013,8,164.0
Qui Nhơn,2013,8,157.7
Pleiku,2013,8,88.7
Đà Lạt,2013,8,104.9
Nha Trang,2013,8,223.3
Vũng Tàu,2013,8,198.7
Cà Mau,2013,8,174.0
Lai Châu,2012,8,167.1
Sơn La,2012,8,215.8
Tuyên Quang,2012,8,224.1
Hà Nội,2012,8,160.3
Bãi Cháy,2012,8,168.2
Nam Định,2012,8,158.9
Vinh,2012,8,197.9
Huế,2012,8,231.2
Đà Nẵng,2012,8,219.4
Qui Nhơn,2012,8,248.1
Pleiku,2012,8,130.7
Đà Lạt,2012,8,149.7
Nha Trang,2012,8,271.9
Vũng Tàu,2012,8,243.4
Cà Mau,2012,8,189.3
Lai Châu,2011,8,179.1
Sơn La,2011,8,196.4
Tuyên Quang,2011,8,214.2
Hà Nội,2011,8,151.0
Bãi Cháy,2011,8,177.5
Nam Định,2011,8,180.0
Vinh,2011,8,186.7
Huế,2011,8,204.7
Đà Nẵng,2011,8,231.1
Qui Nhơn,2011,8,272.3
Pleiku,2011,8,151.1
Đà Lạt,2011,8,178.2
Nha Trang,2011,8,293.2
Vũng Tàu,2011,8,238.3
Cà Mau,2011,8,177.4
Lai Châu,2010,8,173.9
Sơn La,2010,8,159.3
Tuyên Quang,2010,8,226.2
Hà Nội,2010,8,121.3
Bãi Cháy,2010,8,118.4
Nam Định,2010,8,125.2
Vinh,2010,8,148.0
Huế,2010,8,192.2
Đà Nẵng,2010,8,108.8
Qui Nhơn,2010,8,260.6
Pleiku,2010,8,151.5
Đà Lạt,2010,8,143.8
Nha Trang,2010,8,218.2
Vũng Tàu,2010,8,235.7
Cà Mau,2010,8,160.2
Lai Châu,2009,8,214.0
Sơn La,2009,8,215.9
Tuyên Quang,2009,8,226.2
Hà Nội,2009,8,171.7
Bãi Cháy,2009,8,182.4
Nam Định,2009,8,183.4
Vinh,2009,8,181.1
Huế,2009,8,211.0
Đà Nẵng,2009,8,235.1
Qui Nhơn,2009,8,262.6
Pleiku,2009,8,151.5
Đà Lạt,2009,8,143.8
Nha Trang,2009,8,282.5
Vũng Tàu,2009,8,235.7
Cà Mau,2009,8,160.2
Lai Châu,2008,8,125.0
Sơn La,2008,8,157.0
Tuyên Quang,2008,8,147.0
Hà Nội,2008,8,124.0
Bãi Cháy,2008,8,134.0
Nam Định,2008,8,133.0
Vinh,2008,8,210.0
Huế,2008,8,189.0
Đà Nẵng,2008,8,202.0
Qui Nhơn,2008,8,235.0
Pleiku,2008,8,153.0
Đà Lạt,2008,8,151.0
Nha Trang,2008,8,239.0
Vũng Tàu,2008,8,196.0
Cà Mau,2008,8,173.0
Lai Châu,2007,8,126.0
Sơn La,2007,8,170.0
Tuyên Quang,2007,8,169.0
Hà Nội,2007,8,157.0
Bãi Cháy,2007,8,136.0
Nam Định,2007,8,117.0
Vinh,2007,8,155.0
Huế,2007,8,148.0
Đà Nẵng,2007,8,170.0
Qui Nhơn,2007,8,209.0
Pleiku,2007,8,95.0
Đà Lạt,2007,8,104.0
Nha Trang,2007,8,217.0
Vũng Tàu,2007,8,134.0
Cà Mau,2007,8,121.0
Lai Châu,2006,8,174.0
Sơn La,2006,8,163.0
Tuyên Quang,2006,8,127.0
Hà Nội,2006,8,97.0
Bãi Cháy,2006,8,113.0
Nam Định,2006,8,118.0
Vinh,2006,8,120.0
Huế,2006,8,173.0
Đà Nẵng,2006,8,178.0
Qui Nhơn,2006,8,201.0
Pleiku,2006,8,95.0
Đà Lạt,2006,8,121.0
Nha Trang,2006,8,228.0
Vũng Tàu,2006,8,181.0
Cà Mau,2006,8,150.0
Lai Châu,2019,9,185.1
Sơn La,2019,9,212.3
Tuyên Quang,2019,9,227.0
Hà Nội,2019,9,183.7
Bãi Cháy,2019,9,192.2
Nam Định,2019,9,195.3
Vinh,2019,9,172.3
Huế,2019,9,147.3
Đà Nẵng,2019,9,163.9
Qui Nhơn,2019,9,161.6
Pleiku,2019,9,124.1
Đà Lạt,2019,9,103.8
Nha Trang,2019,9,183.2
Vũng Tàu,2019,9,174.6
Cà Mau,2019,9,130.3
Lai Châu,2018,9,118.5
Sơn La,2018,9,188.1
Tuyên Quang,2018,9,176.0
Hà Nội,2018,9,118.6
Bãi Cháy,2018,9,160.6
Nam Định,2018,9,144.0
Vinh,2018,9,205.9
Huế,2018,9,232.9
Đà Nẵng,2018,9,248.0
Qui Nhơn,2018,9,249.4
Pleiku,2018,9,163.1
Đà Lạt,2018,9,149.0
Nha Trang,2018,9,230.8
Vũng Tàu,2018,9,205.0
Cà Mau,2018,9,134.2
Lai Châu,2017,9,132.9
Sơn La,2017,9,172.4
Tuyên Quang,2017,9,177.3
Hà Nội,2017,9,97.9
Bãi Cháy,2017,9,156.3
Nam Định,2017,9,148.1
Vinh,2017,9,203.3
Huế,2017,9,225.7
Đà Nẵng,2017,9,243.9
Qui Nhơn,2017,9,260.0
Pleiku,2017,9,169.1
Đà Lạt,2017,9,162.7
Nha Trang,2017,9,252.8
Vũng Tàu,2017,9,225.5
Cà Mau,2017,9,140.9
Lai Châu,2016,9,133.1
Sơn La,2016,9,157.5
Tuyên Quang,2016,9,187.8
Hà Nội,2016,9,119.4
Bãi Cháy,2016,9,152.7
Nam Định,2016,9,118.1
Vinh,2016,9,111.7
Huế,2016,9,163.9
Đà Nẵng,2016,9,189.9
Qui Nhơn,2016,9,223.5
Pleiku,2016,9,125.4
Đà Lạt,2016,9,142.4
Nha Trang,2016,9,236.3
Vũng Tàu,2016,9,212.7
Cà Mau,2016,9,109.3
Lai Châu,2015,9,122.8
Sơn La,2015,9,179.9
Tuyên Quang,2015,9,157.0
Hà Nội,2015,9,101.0
Bãi Cháy,2015,9,143.6
Nam Định,2015,9,134.8
Vinh,2015,9,175.5
Huế,2015,9,225.2
Đà Nẵng,2015,9,240.0
Qui Nhơn,2015,9,245.1
Pleiku,2015,9,174.6
Đà Lạt,2015,9,119.2
Nha Trang,2015,9,232.3
Vũng Tàu,2015,9,218.7
Cà Mau,2015,9,154.4
Lai Châu,2014,9,150.2
Sơn La,2014,9,195.2
Tuyên Quang,2014,9,178.5
Hà Nội,2014,9,137.7
Bãi Cháy,2014,9,190.8
Nam Định,2014,9,187.1
Vinh,2014,9,182.4
Huế,2014,9,216.0
Đà Nẵng,2014,9,225.2
Qui Nhơn,2014,9,242.4
Pleiku,2014,9,160.9
Đà Lạt,2014,9,127.8
Nha Trang,2014,9,242.6
Vũng Tàu,2014,9,209.1
Cà Mau,2014,9,156.3
Lai Châu,2013,9,162.2
Sơn La,2013,9,153.9
Tuyên Quang,2013,9,140.9
Hà Nội,2013,9,89.4
Bãi Cháy,2013,9,112.5
Nam Định,2013,9,90.3
Vinh,2013,9,66.0
Huế,2013,9,129.2
Đà Nẵng,2013,9,145.3
Qui Nhơn,2013,9,173.8
Pleiku,2013,9,95.4
Đà Lạt,2013,9,83.5
Nha Trang,2013,9,183.8
Vũng Tàu,2013,9,141.1
Cà Mau,2013,9,116.1
Lai Châu,2012,9,115.4
Sơn La,2012,9,159.3
Tuyên Quang,2012,9,145.1
Hà Nội,2012,9,112.0
Bãi Cháy,2012,9,157.0
Nam Định,2012,9,131.2
Vinh,2012,9,143.0
Huế,2012,9,144.8
Đà Nẵng,2012,9,168.5
Qui Nhơn,2012,9,196.2
Pleiku,2012,9,139.0
Đà Lạt,2012,9,97.6
Nha Trang,2012,9,183.5
Vũng Tàu,2012,9,138.1
Cà Mau,2012,9,96.7
Lai Châu,2011,9,154.0
Sơn La,2011,9,171.7
Tuyên Quang,2011,9,144.0
Hà Nội,2011,9,102.7
Bãi Cháy,2011,9,146.0
Nam Định,2011,9,112.7
Vinh,2011,9,98.0
Huế,2011,9,105.7
Đà Nẵng,2011,9,105.5
Qui Nhơn,2011,9,164.8
Pleiku,2011,9,73.2
Đà Lạt,2011,9,96.3
Nha Trang,2011,9,192.6
Vũng Tàu,2011,9,151.0
Cà Mau,2011,9,105.2
Lai Châu,2010,9,153.3
Sơn La,2010,9,183.1
Tuyên Quang,2010,9,188.0
Hà Nội,2010,9,146.1
Bãi Cháy,2010,9,162.8
Nam Định,2010,9,141.7
Vinh,2010,9,156.0
Huế,2010,9,197.6
Đà Nẵng,2010,9,145.3
Qui Nhơn,2010,9,210.3
Pleiku,2010,9,91.3
Đà Lạt,2010,9,73.4
Nha Trang,2010,9,229.4
Vũng Tàu,2010,9,158.5
Cà Mau,2010,9,80.8
Lai Châu,2009,9,188.8
Sơn La,2009,9,207.5
Tuyên Quang,2009,9,188.0
Hà Nội,2009,9,132.3
Bãi Cháy,2009,9,167.8
Nam Định,2009,9,136.9
Vinh,2009,9,136.2
Huế,2009,9,140.0
Đà Nẵng,2009,9,135.4
Qui Nhơn,2009,9,165.0
Pleiku,2009,9,91.3
Đà Lạt,2009,9,73.4
Nha Trang,2009,9,166.2
Vũng Tàu,2009,9,158.5
Cà Mau,2009,9,80.8
Lai Châu,2008,9,184.0
Sơn La,2008,9,204.0
Tuyên Quang,2008,9,178.0
Hà Nội,2008,9,123.0
Bãi Cháy,2008,9,122.0
Nam Định,2008,9,119.0
Vinh,2008,9,110.0
Huế,2008,9,145.0
Đà Nẵng,2008,9,165.0
Qui Nhơn,2008,9,186.0
Pleiku,2008,9,123.0
Đà Lạt,2008,9,90.0
Nha Trang,2008,9,162.0
Vũng Tàu,2008,9,152.0
Cà Mau,2008,9,110.0
Lai Châu,2007,9,113.0
Sơn La,2007,9,170.0
Tuyên Quang,2007,9,151.0
Hà Nội,2007,9,129.0
Bãi Cháy,2007,9,119.0
Nam Định,2007,9,126.0
Vinh,2007,9,136.0
Huế,2007,9,154.0
Đà Nẵng,2007,9,200.0
Qui Nhơn,2007,9,211.0
Pleiku,2007,9,130.0
Đà Lạt,2007,9,116.0
Nha Trang,2007,9,208.0
Vũng Tàu,2007,9,158.0
Cà Mau,2007,9,109.0
Lai Châu,2006,9,159.0
Sơn La,2006,9,197.0
Tuyên Quang,2006,9,183.0
Hà Nội,2006,9,170.0
Bãi Cháy,2006,9,188.0
Nam Định,2006,9,175.0
Vinh,2006,9,164.0
Huế,2006,9,151.0
Đà Nẵng,2006,9,172.0
Qui Nhơn,2006,9,193.0
Pleiku,2006,9,160.0
Đà Lạt,2006,9,135.0
Nha Trang,2006,9,207.0
Vũng Tàu,2006,9,183.0
Cà Mau,2006,9,139.0
Lai Châu,2019,10,174.4
Sơn La,2019,10,203.0
Tuyên Quang,2019,10,146.4
Hà Nội,2019,10,127.0
Bãi Cháy,2019,10,152.0
Nam Định,2019,10,142.1
Vinh,2019,10,168.8
Huế,2019,10,225.8
Đà Nẵng,2019,10,212.8
Qui Nhơn,2019,10,223.7
Pleiku,2019,10,225.5
Đà Lạt,2019,10,177.7
Nha Trang,2019,10,217.0
Vũng Tàu,2019,10,246.3
Cà Mau,2019,10,121.7
Lai Châu,2018,10,130.3
Sơn La,2018,10,190.3
Tuyên Quang,2018,10,140.5
Hà Nội,2018,10,133.6
Bãi Cháy,2018,10,181.6
Nam Định,2018,10,146.3
Vinh,2018,10,161.2
Huế,2018,10,224.1
Đà Nẵng,2018,10,206.7
Qui Nhơn,2018,10,228.5
Pleiku,2018,10,242.1
Đà Lạt,2018,10,212.2
Nha Trang,2018,10,231.4
Vũng Tàu,2018,10,220.5
Cà Mau,2018,10,174.0
Lai Châu,2017,10,112.5
Sơn La,2017,10,132.4
Tuyên Quang,2017,10,120.8
Hà Nội,2017,10,93.7
Bãi Cháy,2017,10,145.7
Nam Định,2017,10,89.3
Vinh,2017,10,70.6
Huế,2017,10,98.1
Đà Nẵng,2017,10,133.0
Qui Nhơn,2017,10,152.9
Pleiku,2017,10,159.7
Đà Lạt,2017,10,108.4
Nha Trang,2017,10,157.1
Vũng Tàu,2017,10,149.1
Cà Mau,2017,10,110.2
Lai Châu,2016,10,176.1
Sơn La,2016,10,193.9
Tuyên Quang,2016,10,180.8
Hà Nội,2016,10,144.5
Bãi Cháy,2016,10,193.4
Nam Định,2016,10,146.9
Vinh,2016,10,88.8
Huế,2016,10,131.5
Đà Nẵng,2016,10,170.6
Qui Nhơn,2016,10,180.2
Pleiku,2016,10,151.9
Đà Lạt,2016,10,94.7
Nha Trang,2016,10,156.2
Vũng Tàu,2016,10,134.7
Cà Mau,2016,10,72.5
Lai Châu,2015,10,172.4
Sơn La,2015,10,221.2
Tuyên Quang,2015,10,196.0
Hà Nội,2015,10,139.0
Bãi Cháy,2015,10,189.0
Nam Định,2015,10,147.7
Vinh,2015,10,161.9
Huế,2015,10,166.2
Đà Nẵng,2015,10,192.8
Qui Nhơn,2015,10,238.8
Pleiku,2015,10,222.6
Đà Lạt,2015,10,178.1
Nha Trang,2015,10,216.6
Vũng Tàu,2015,10,228.0
Cà Mau,2015,10,160.3
Lai Châu,2014,10,145.7
Sơn La,2014,10,205.1
Tuyên Quang,2014,10,165.0
Hà Nội,2014,10,134.6
Bãi Cháy,2014,10,174.6
Nam Định,2014,10,137.3
Vinh,2014,10,103.5
Huế,2014,10,147.3
Đà Nẵng,2014,10,166.0
Qui Nhơn,2014,10,189.0
Pleiku,2014,10,221.7
Đà Lạt,2014,10,170.8
Nha Trang,2014,10,208.3
Vũng Tàu,2014,10,205.6
Cà Mau,2014,10,145.9
Lai Châu,2013,10,148.7
Sơn La,2013,10,163.1
Tuyên Quang,2013,10,161.8
Hà Nội,2013,10,134.9
Bãi Cháy,2013,10,159.6
Nam Định,2013,10,123.9
Vinh,2013,10,97.6
Huế,2013,10,115.5
Đà Nẵng,2013,10,136.5
Qui Nhơn,2013,10,142.6
Pleiku,2013,10,167.4
Đà Lạt,2013,10,162.2
Nha Trang,2013,10,189.9
Vũng Tàu,2013,10,190.8
Cà Mau,2013,10,158.6
Lai Châu,2012,10,182.8
Sơn La,2012,10,211.4
Tuyên Quang,2012,10,138.3
Hà Nội,2012,10,99.9
Bãi Cháy,2012,10,143.8
Nam Định,2012,10,112.6
Vinh,2012,10,135.1
Huế,2012,10,177.8
Đà Nẵng,2012,10,162.5
Qui Nhơn,2012,10,185.9
Pleiku,2012,10,205.3
Đà Lạt,2012,10,194.6
Nha Trang,2012,10,213.4
Vũng Tàu,2012,10,216.7
Cà Mau,2012,10,165.5
Lai Châu,2011,10,140.3
Sơn La,2011,10,163.6
Tuyên Quang,2011,10,109.2
Hà Nội,2011,10,76.8
Bãi Cháy,2011,10,122.8
Nam Định,2011,10,65.7
Vinh,2011,10,41.4
Huế,2011,10,84.9
Đà Nẵng,2011,10,107.7
Qui Nhơn,2011,10,147.4
Pleiku,2011,10,144.1
Đà Lạt,2011,10,150.7
Nha Trang,2011,10,193.0
Vũng Tàu,2011,10,221.5
Cà Mau,2011,10,176.8
Lai Châu,2010,10,139.8
Sơn La,2010,10,164.6
Tuyên Quang,2010,10,134.8
Hà Nội,2010,10,108.6
Bãi Cháy,2010,10,151.8
Nam Định,2010,10,124.8
Vinh,2010,10,96.0
Huế,2010,10,90.4
Đà Nẵng,2010,10,69.3
Qui Nhơn,2010,10,115.5
Pleiku,2010,10,157.6
Đà Lạt,2010,10,142.3
Nha Trang,2010,10,95.2
Vũng Tàu,2010,10,217.0
Cà Mau,2010,10,160.9
Lai Châu,2009,10,193.6
Sơn La,2009,10,187.5
Tuyên Quang,2009,10,134.8
Hà Nội,2009,10,125.0
Bãi Cháy,2009,10,154.7
Nam Định,2009,10,123.5
Vinh,2009,10,113.6
Huế,2009,10,117.6
Đà Nẵng,2009,10,136.2
Qui Nhơn,2009,10,184.1
Pleiku,2009,10,157.6
Đà Lạt,2009,10,142.3
Nha Trang,2009,10,200.4
Vũng Tàu,2009,10,217.0
Cà Mau,2009,10,160.9
Lai Châu,2008,10,148.0
Sơn La,2008,10,137.0
Tuyên Quang,2008,10,126.0
Hà Nội,2008,10,92.0
Bãi Cháy,2008,10,124.0
Nam Định,2008,10,90.0
Vinh,2008,10,46.0
Huế,2008,10,74.0
Đà Nẵng,2008,10,112.0
Qui Nhơn,2008,10,165.0
Pleiku,2008,10,161.0
Đà Lạt,2008,10,146.0
Nha Trang,2008,10,206.0
Vũng Tàu,2008,10,208.0
Cà Mau,2008,10,142.0
Lai Châu,2007,10,121.0
Sơn La,2007,10,172.0
Tuyên Quang,2007,10,122.0
Hà Nội,2007,10,107.0
Bãi Cháy,2007,10,141.0
Nam Định,2007,10,97.0
Vinh,2007,10,42.0
Huế,2007,10,48.0
Đà Nẵng,2007,10,76.0
Qui Nhơn,2007,10,139.0
Pleiku,2007,10,140.0
Đà Lạt,2007,10,95.0
Nha Trang,2007,10,146.0
Vũng Tàu,2007,10,188.0
Cà Mau,2007,10,124.0
Lai Châu,2006,10,172.0
Sơn La,2006,10,183.0
Tuyên Quang,2006,10,137.0
Hà Nội,2006,10,125.0
Bãi Cháy,2006,10,174.0
Nam Định,2006,10,146.0
Vinh,2006,10,126.0
Huế,2006,10,183.0
Đà Nẵng,2006,10,193.0
Qui Nhơn,2006,10,194.0
Pleiku,2006,10,229.0
Đà Lạt,2006,10,150.0
Nha Trang,2006,10,223.0
Vũng Tàu,2006,10,190.0
Cà Mau,2006,10,157.0
Lai Châu,2019,11,164.9
Sơn La,2019,11,185.1
Tuyên Quang,2019,11,116.8
Hà Nội,2019,11,126.1
Bãi Cháy,2019,11,148.4
Nam Định,2019,11,128.4
Vinh,2019,11,86.3
Huế,2019,11,118.8
Đà Nẵng,2019,11,126.7
Qui Nhơn,2019,11,123.3
Pleiku,2019,11,196.7
Đà Lạt,2019,11,177.7
Nha Trang,2019,11,149.5
Vũng Tàu,2019,11,200.5
Cà Mau,2019,11,157.1
Lai Châu,2018,11,235.2
Sơn La,2018,11,220.0
Tuyên Quang,2018,11,138.4
Hà Nội,2018,11,115.1
Bãi Cháy,2018,11,153.2
Nam Định,2018,11,137.3
Vinh,2018,11,125.1
Huế,2018,11,132.3
Đà Nẵng,2018,11,143.8
Qui Nhơn,2018,11,180.6
Pleiku,2018,11,227.3
Đà Lạt,2018,11,179.8
Nha Trang,2018,11,169.8
Vũng Tàu,2018,11,195.1
Cà Mau,2018,11,141.9
Lai Châu,2017,11,138.8
Sơn La,2017,11,137.6
Tuyên Quang,2017,11,115.1
Hà Nội,2017,11,75.1
Bãi Cháy,2017,11,53.0
Nam Định,2017,11,68.6
Vinh,2017,11,44.0
Huế,2017,11,63.7
Đà Nẵng,2017,11,83.2
Qui Nhơn,2017,11,97.4
Pleiku,2017,11,172.2
Đà Lạt,2017,11,127.4
Nha Trang,2017,11,129.0
Vũng Tàu,2017,11,180.2
Cà Mau,2017,11,125.8
Lai Châu,2016,11,180.9
Sơn La,2016,11,171.8
Tuyên Quang,2016,11,117.0
Hà Nội,2016,11,104.2
Bãi Cháy,2016,11,129.5
Nam Định,2016,11,102.9
Vinh,2016,11,67.4
Huế,2016,11,76.3
Đà Nẵng,2016,11,111.4
Qui Nhơn,2016,11,144.2
Pleiku,2016,11,212.0
Đà Lạt,2016,11,183.3
Nha Trang,2016,11,167.0
Vũng Tàu,2016,11,215.3
Cà Mau,2016,11,156.6
Lai Châu,2015,11,181.7
Sơn La,2015,11,183.1
Tuyên Quang,2015,11,106.5
Hà Nội,2015,11,83.6
Bãi Cháy,2015,11,116.5
Nam Định,2015,11,107.3
Vinh,2015,11,111.3
Huế,2015,11,170.5
Đà Nẵng,2015,11,172.9
Qui Nhơn,2015,11,156.2
Pleiku,2015,11,244.1
Đà Lạt,2015,11,199.7
Nha Trang,2015,11,161.6
Vũng Tàu,2015,11,245.4
Cà Mau,2015,11,185.2
Lai Châu,2014,11,142.4
Sơn La,2014,11,149.4
Tuyên Quang,2014,11,86.7
Hà Nội,2014,11,86.3
Bãi Cháy,2014,11,115.9
Nam Định,2014,11,89.1
Vinh,2014,11,93.5
Huế,2014,11,148.4
Đà Nẵng,2014,11,148.9
Qui Nhơn,2014,11,189.2
Pleiku,2014,11,242.0
Đà Lạt,2014,11,201.9
Nha Trang,2014,11,173.7
Vũng Tàu,2014,11,238.2
Cà Mau,2014,11,172.2
Lai Châu,2013,11,162.5
Sơn La,2013,11,129.1
Tuyên Quang,2013,11,77.1
Hà Nội,2013,11,68.8
Bãi Cháy,2013,11,85.1
Nam Định,2013,11,49.0
Vinh,2013,11,40.0
Huế,2013,11,77.0
Đà Nẵng,2013,11,110.8
Qui Nhơn,2013,11,134.2
Pleiku,2013,11,193.7
Đà Lạt,2013,11,156.6
Nha Trang,2013,11,138.1
Vũng Tàu,2013,11,181.0
Cà Mau,2013,11,164.8
Lai Châu,2012,11,151.7
Sơn La,2012,11,159.9
Tuyên Quang,2012,11,82.9
Hà Nội,2012,11,99.7
Bãi Cháy,2012,11,85.5
Nam Định,2012,11,110.0
Vinh,2012,11,98.6
Huế,2012,11,146.7
Đà Nẵng,2012,11,156.2
Qui Nhơn,2012,11,199.2
Pleiku,2012,11,254.7
Đà Lạt,2012,11,203.1
Nha Trang,2012,11,222.8
Vũng Tàu,2012,11,213.9
Cà Mau,2012,11,160.0
Lai Châu,2011,11,164.9
Sơn La,2011,11,191.3
Tuyên Quang,2011,11,155.7
Hà Nội,2011,11,106.5
Bãi Cháy,2011,11,173.5
Nam Định,2011,11,91.2
Vinh,2011,11,70.4
Huế,2011,11,101.0
Đà Nẵng,2011,11,115.3
Qui Nhơn,2011,11,143.2
Pleiku,2011,11,219.1
Đà Lạt,2011,11,184.9
Nha Trang,2011,11,154.3
Vũng Tàu,2011,11,200.1
Cà Mau,2011,11,144.2
Lai Châu,2010,11,151.6
Sơn La,2010,11,193.7
Tuyên Quang,2010,11,129.3
Hà Nội,2010,11,104.6
Bãi Cháy,2010,11,135.2
Nam Định,2010,11,78.4
Vinh,2010,11,49.0
Huế,2010,11,54.4
Đà Nẵng,2010,11,29.7
Qui Nhơn,2010,11,23.0
Pleiku,2010,11,214.4
Đà Lạt,2010,11,172.5
Nha Trang,2010,11,76.5
Vũng Tàu,2010,11,185.5
Cà Mau,2010,11,130.2
Lai Châu,2009,11,175.2
Sơn La,2009,11,190.0
Tuyên Quang,2009,11,129.3
Hà Nội,2009,11,138.3
Bãi Cháy,2009,11,164.4
Nam Định,2009,11,137.4
Vinh,2009,11,108.0
Huế,2009,11,105.0
Đà Nẵng,2009,11,116.0
Qui Nhơn,2009,11,125.0
Pleiku,2009,11,214.4
Đà Lạt,2009,11,172.5
Nha Trang,2009,11,130.8
Vũng Tàu,2009,11,185.5
Cà Mau,2009,11,130.2
Lai Châu,2008,11,158.0
Sơn La,2008,11,201.0
Tuyên Quang,2008,11,139.0
Hà Nội,2008,11,148.0
Bãi Cháy,2008,11,163.0
Nam Định,2008,11,124.0
Vinh,2008,11,79.0
Huế,2008,11,66.0
Đà Nẵng,2008,11,68.0
Qui Nhơn,2008,11,64.0
Pleiku,2008,11,157.0
Đà Lạt,2008,11,91.0
Nha Trang,2008,11,79.0
Vũng Tàu,2008,11,164.0
Cà Mau,2008,11,132.0
Lai Châu,2007,11,131.0
Sơn La,2007,11,201.0
Tuyên Quang,2007,11,184.0
Hà Nội,2007,11,181.0
Bãi Cháy,2007,11,190.0
Nam Định,2007,11,164.0
Vinh,2007,11,112.0
Huế,2007,11,38.0
Đà Nẵng,2007,11,49.0
Qui Nhơn,2007,11,85.0
Pleiku,2007,11,131.0
Đà Lạt,2007,11,114.0
Nha Trang,2007,11,126.0
Vũng Tàu,2007,11,161.0
Cà Mau,2007,11,133.0
Lai Châu,2006,11,160.0
Sơn La,2006,11,259.0
Tuyên Quang,2006,11,140.0
Hà Nội,2006,11,152.0
Bãi Cháy,2006,11,159.0
Nam Định,2006,11,149.0
Vinh,2006,11,149.0
Huế,2006,11,182.0
Đà Nẵng,2006,11,209.0
Qui Nhơn,2006,11,213.0
Pleiku,2006,11,257.0
Đà Lạt,2006,11,241.0
Nha Trang,2006,11,247.0
Vũng Tàu,2006,11,246.0
Cà Mau,2006,11,217.0
Lai Châu,2019,12,219.4
Sơn La,2019,12,227.6
Tuyên Quang,2019,12,144.5
Hà Nội,2019,12,128.1
Bãi Cháy,2019,12,122.1
Nam Định,2019,12,146.4
Vinh,2019,12,107.8
Huế,2019,12,99.1
Đà Nẵng,2019,12,97.3
Qui Nhơn,2019,12,141.0
Pleiku,2019,12,280.9
Đà Lạt,2019,12,275.8
Nha Trang,2019,12,182.2
Vũng Tàu,2019,12,231.0
Cà Mau,2019,12,172.7
Lai Châu,2018,12,146.5
Sơn La,2018,12,140.0
Tuyên Quang,2018,12,86.5
Hà Nội,2018,12,91.9
Bãi Cháy,2018,12,86.6
Nam Định,2018,12,103.8
Vinh,2018,12,81.5
Huế,2018,12,77.8
Đà Nẵng,2018,12,80.9
Qui Nhơn,2018,12,129.3
Pleiku,2018,12,192.9
Đà Lạt,2018,12,144.9
Nha Trang,2018,12,119.4
Vũng Tàu,2018,12,170.5
Cà Mau,2018,12,127.1
Lai Châu,2017,12,158.8
Sơn La,2017,12,142.3
Tuyên Quang,2017,12,98.5
Hà Nội,2017,12,67.6
Bãi Cháy,2017,12,82.4
Nam Định,2017,12,79.0
Vinh,2017,12,43.9
Huế,2017,12,34.5
Đà Nẵng,2017,12,53.5
Qui Nhơn,2017,12,86.8
Pleiku,2017,12,199.3
Đà Lạt,2017,12,169.3
Nha Trang,2017,12,107.7
Vũng Tàu,2017,12,198.3
Cà Mau,2017,12,133.4
Lai Châu,2016,12,195.2
Sơn La,2016,12,196.0
Tuyên Quang,2016,12,151.5
Hà Nội,2016,12,135.0
Bãi Cháy,2016,12,120.7
Nam Định,2016,12,95.7
Vinh,2016,12,38.5
Huế,2016,12,21.0
Đà Nẵng,2016,12,39.7
Qui Nhơn,2016,12,54.2
Pleiku,2016,12,136.0
Đà Lạt,2016,12,97.6
Nha Trang,2016,12,58.5
Vũng Tàu,2016,12,109.1
Cà Mau,2016,12,112.4
Lai Châu,2015,12,128.2
Sơn La,2015,12,103.2
Tuyên Quang,2015,12,46.2
Hà Nội,2015,12,44.6
Bãi Cháy,2015,12,55.8
Nam Định,2015,12,50.4
Vinh,2015,12,40.5
Huế,2015,12,105.1
Đà Nẵng,2015,12,136.3
Qui Nhơn,2015,12,149.0
Pleiku,2015,12,259.7
Đà Lạt,2015,12,232.7
Nha Trang,2015,12,181.3
Vũng Tàu,2015,12,224.8
Cà Mau,2015,12,200.7
Lai Châu,2014,12,127.2
Sơn La,2014,12,127.4
Tuyên Quang,2014,12,91.8
Hà Nội,2014,12,87.5
Bãi Cháy,2014,12,93.8
Nam Định,2014,12,83.5
Vinh,2014,12,41.2
Huế,2014,12,29.1
Đà Nẵng,2014,12,28.2
Qui Nhơn,2014,12,49.6
Pleiku,2014,12,192.8
Đà Lạt,2014,12,153.5
Nha Trang,2014,12,67.4
Vũng Tàu,2014,12,161.1
Cà Mau,2014,12,154.3
Lai Châu,2013,12,145.3
Sơn La,2013,12,179.5
Tuyên Quang,2013,12,156.7
Hà Nội,2013,12,158.7
Bãi Cháy,2013,12,201.4
Nam Định,2013,12,154.5
Vinh,2013,12,73.6
Huế,2013,12,17.5
Đà Nẵng,2013,12,51.1
Qui Nhơn,2013,12,116.8
Pleiku,2013,12,251.0
Đà Lạt,2013,12,208.8
Nha Trang,2013,12,127.3
Vũng Tàu,2013,12,147.8
Cà Mau,2013,12,115.9
Lai Châu,2012,12,170.1
Sơn La,2012,12,166.5
Tuyên Quang,2012,12,37.6
Hà Nội,2012,12,42.2
Bãi Cháy,2012,12,49.4
Nam Định,2012,12,42.7
Vinh,2012,12,57.6
Huế,2012,12,108.9
Đà Nẵng,2012,12,132.5
Qui Nhơn,2012,12,175.7
Pleiku,2012,12,281.3
Đà Lạt,2012,12,230.4
Nha Trang,2012,12,177.5
Vũng Tàu,2012,12,225.6
Cà Mau,2012,12,188.7
Lai Châu,2011,12,96.4
Sơn La,2011,12,140.6
Tuyên Quang,2011,12,104.3
Hà Nội,2011,12,95.6
Bãi Cháy,2011,12,110.8
Nam Định,2011,12,67.9
Vinh,2011,12,10.8
Huế,2011,12,8.6
Đà Nẵng,2011,12,18.1
Qui Nhơn,2011,12,38.9
Pleiku,2011,12,230.8
Đà Lạt,2011,12,138.3
Nha Trang,2011,12,45.2
Vũng Tàu,2011,12,149.7
Cà Mau,2011,12,96.3
Lai Châu,2010,12,103.0
Sơn La,2010,12,147.2
Tuyên Quang,2010,12,68.7
Hà Nội,2010,12,79.1
Bãi Cháy,2010,12,94.7
Nam Định,2010,12,72.2
Vinh,2010,12,86.0
Huế,2010,12,121.8
Đà Nẵng,2010,12,84.9
Qui Nhơn,2010,12,135.1
Pleiku,2010,12,248.0
Đà Lạt,2010,12,236.2
Nha Trang,2010,12,101.7
Vũng Tàu,2010,12,252.6
Cà Mau,2010,12,167.1
Lai Châu,2009,12,122.1
Sơn La,2009,12,173.8
Tuyên Quang,2009,12,68.7
Hà Nội,2009,12,78.1
Bãi Cháy,2009,12,83.7
Nam Định,2009,12,61.4
Vinh,2009,12,66.9
Huế,2009,12,114.5
Đà Nẵng,2009,12,150.3
Qui Nhơn,2009,12,174.9
Pleiku,2009,12,248.0
Đà Lạt,2009,12,236.2
Nha Trang,2009,12,189.9
Vũng Tàu,2009,12,252.6
Cà Mau,2009,12,167.1
Lai Châu,2008,12,139.0
Sơn La,2008,12,152.0
Tuyên Quang,2008,12,99.0
Hà Nội,2008,12,114.0
Bãi Cháy,2008,12,155.0
Nam Định,2008,12,93.0
Vinh,2008,12,50.0
Huế,2008,12,43.0
Đà Nẵng,2008,12,49.0
Qui Nhơn,2008,12,95.0
Pleiku,2008,12,201.0
Đà Lạt,2008,12,170.0
Nha Trang,2008,12,101.0
Vũng Tàu,2008,12,168.0
Cà Mau,2008,12,121.0
Lai Châu,2007,12,141.0
Sơn La,2007,12,158.0
Tuyên Quang,2007,12,49.0
Hà Nội,2007,12,58.0
Bãi Cháy,2007,12,36.0
Nam Định,2007,12,39.0
Vinh,2007,12,32.0
Huế,2007,12,93.0
Đà Nẵng,2007,12,126.0
Qui Nhơn,2007,12,151.0
Pleiku,2007,12,254.0
Đà Lạt,2007,12,213.0
Nha Trang,2007,12,153.0
Vũng Tàu,2007,12,190.0
Cà Mau,2007,12,143.0
Lai Châu,2006,12,139.0
Sơn La,2006,12,161.0
Tuyên Quang,2006,12,94.0
Hà Nội,2006,12,111.0
Bãi Cháy,2006,12,123.0
Nam Định,2006,12,83.0
Vinh,2006,12,45.0
Huế,2006,12,45.0
Đà Nẵng,2006,12,78.0
Qui Nhơn,2006,12,134.0
Pleiku,2006,12,240.0
Đà Lạt,2006,12,229.0
Nha Trang,2006,12,166.0
Vũng Tàu,2006,12,202.0
Cà Mau,2006,12,176.0
